User,Type,Permissions,GrantedThrough
testuser1,SharePointGroup,Full Control,SharePoint Group: xxx Owners
testuser2,SharePointGroup,Full Control,SharePoint Group: xxx Owners
testuser3,SharePointGroup,Full Control,SharePoint Group: xxx Owners
testuser4,SharePointGroup,Full Control,SharePoint Group: xxx Owners
testuser5,SharePointGroup,Full Control,SharePoint Group: xxx Owners
testuser6,SharePointGroup,Full Control,SharePoint Group: xxx Owners
testuser1,SharePointGroup,Edit,SharePoint Group: xxx Members
testuser2,SharePointGroup,Edit,SharePoint Group: xxx Members
testuser3,SharePointGroup,Edit,SharePoint Group: xxx Members
testuser1,SharePointGroup,Read,SharePoint Group: xxx Visitors
testuser2,SharePointGroup,Read,SharePoint Group: xxx Visitors
testuser3,SharePointGroup,Read,SharePoint Group: xxx Visitors
