"User","Type","Permissions","GrantedThrough"
"Gade, Suresh","SharePointGroup","Full Control","SharePoint Group: Box Migration Owners"
"Kaveri, Veera","SharePointGroup","Full Control","SharePoint Group: Box Migration Owners"
"Nambiar, Rahul","SharePointGroup","Full Control","SharePoint Group: Box Migration Owners"
"Service Account, EUSST-","SharePointGroup","Full Control","SharePoint Group: Box Migration Owners"
"Veera Bharat Bhushan Kaveri","SharePointGroup","Full Control","SharePoint Group: Box Migration Owners"
"Yellappa, Guruprasad","SharePointGroup","Full Control","SharePoint Group: Box Migration Owners"
"Gade, Suresh","SharePointGroup","Edit","SharePoint Group: Box Migration Members"
"Nambiar, Rahul","SharePointGroup","Edit","SharePoint Group: Box Migration Members"
"Service Account, EUSST-","SharePointGroup","Edit","SharePoint Group: Box Migration Members"
"Nambiar, Rahul","SharePointGroup","Read","SharePoint Group: Box Migration Visitors"
"Service Account, EUSST-","SharePointGroup","Read","SharePoint Group: Box Migration Visitors"
"Yellappa, Guruprasad","SharePointGroup","Read","SharePoint Group: Box Migration Visitors"
