SiteURL,GroupName,UserAccount
https://sonyeur.sharepoint.com/sites/S022-013-IS/BoxMigration,Box Migration Members,suresh.gade@sony.com
https://sonyeur.sharepoint.com/sites/S022-013-IS/BoxMigration,Box Migration Owners,veera.kaveri@sony.com
https://sonyeur.sharepoint.com/sites/S022-013-IS/BoxMigration,Box Migration Visitors,rahul.nambiar@sony.com
https://sonyeur.sharepoint.com/sites/S022-013-IS/BoxMigration/Demo,Box Migration Members,suresh.gade@sony.com
https://sonyeur.sharepoint.com/sites/S022-013-IS/BoxMigration/Demo,Box Migration Owners,veera.kaveri@sony.com
https://sonyeur.sharepoint.com/sites/S022-013-IS/BoxMigration/Demo,Box Migration Visitors,rahul.nambiar@sony.com
